DATE,SP500,DJIA,VIXCLS
2018-01-01,,,
2018-01-02,2695.81,24824.01,9.77
2018-01-03,2713.06,24922.68,9.15
2018-01-04,2723.99,25075.13,9.22
2018-01-05,2743.15,25295.87,9.22
2018-01-08,2747.71,25283.0,9.52
2018-01-09,2751.29,25385.8,10.08
2018-01-10,2748.23,25369.13,9.82
2018-01-11,2767.56,25574.73,9.88
2018-01-12,2786.24,25803.19,10.16
2018-01-15,,,
2018-01-16,2776.42,25792.86,11.66
2018-01-17,2802.56,26115.65,11.91
2018-01-18,2798.03,26017.81,12.22
2018-01-19,2810.3,26071.72,11.27
2018-01-22,2832.97,26214.6,11.03
2018-01-23,2839.13,26210.81,11.1
2018-01-24,2837.54,26252.12,11.47
2018-01-25,2839.25,26392.79,11.58
2018-01-26,2872.87,26616.71,11.08
2018-01-29,2853.53,26439.48,13.84
2018-01-30,2822.43,26076.89,14.79
2018-01-31,2823.81,26149.39,13.54
2018-02-01,2821.98,26186.71,13.47
2018-02-02,2762.13,25520.96,17.31
2018-02-05,2648.94,24345.75,37.32
2018-02-06,2695.14,24912.77,29.98
2018-02-07,2681.66,24893.35,27.73
2018-02-08,2581.0,23860.46,33.46
2018-02-09,2619.55,24190.9,29.06
2018-02-12,2656.0,24601.27,25.61
2018-02-13,2662.94,24640.45,24.97
2018-02-14,2698.63,24893.49,19.26
2018-02-15,2731.2,25200.37,19.13
2018-02-16,2732.22,25219.38,19.46
2018-02-19,,,
2018-02-20,2716.26,24964.75,20.6
2018-02-21,2701.33,24797.78,20.02
2018-02-22,2703.96,24962.48,18.72
2018-02-23,2747.3,25309.99,16.49
2018-02-26,2779.6,25709.27,15.8
2018-02-27,2744.28,25410.03,18.59
2018-02-28,2713.83,25029.2,19.85
2018-03-01,2677.67,24608.98,22.47
2018-03-02,2691.25,24538.06,19.59
2018-03-05,2720.94,24874.76,18.73
2018-03-06,2728.12,24884.12,18.36
2018-03-07,2726.8,24801.36,17.76
2018-03-08,2738.97,24895.21,16.54
2018-03-09,2786.57,25335.74,14.64
2018-03-12,2783.02,25178.61,15.78
2018-03-13,2765.31,25007.03,16.35
2018-03-14,2749.48,24758.12,17.23
2018-03-15,2747.33,24873.66,16.59
2018-03-16,2752.01,24946.51,15.8
2018-03-19,2712.92,24610.91,19.02
2018-03-20,2716.94,24727.27,18.2
2018-03-21,2711.93,24682.31,17.86
2018-03-22,2643.69,23957.89,23.34
2018-03-23,2588.26,23533.2,24.87
2018-03-26,2658.55,24202.6,21.03
2018-03-27,2612.62,23857.71,22.5
2018-03-28,2605.0,23848.42,22.87
2018-03-29,2640.87,24103.11,19.97
2018-03-30,,,
2018-04-02,2581.88,23644.19,23.62
2018-04-03,2614.45,24033.36,21.1
2018-04-04,2644.69,24264.3,20.06
2018-04-05,2662.84,24505.22,18.94
2018-04-06,2604.47,23932.76,21.49
2018-04-09,2613.16,23979.1,21.77
2018-04-10,2656.87,24408.0,20.47
2018-04-11,2642.19,24189.45,20.24
2018-04-12,2663.99,24483.05,18.49
2018-04-13,2656.3,24360.14,17.41
2018-04-16,2677.84,24573.04,16.56
2018-04-17,2706.39,24786.63,15.25
2018-04-18,2708.64,24748.07,15.6
2018-04-19,2693.13,24664.89,15.96
2018-04-20,2670.14,24462.94,16.88
2018-04-23,2670.29,24448.69,16.34
2018-04-24,2634.56,24024.13,18.02
2018-04-25,2639.4,24083.83,17.84
2018-04-26,2666.94,24322.34,16.24
2018-04-27,2669.91,24311.19,15.41
2018-04-30,2648.05,24163.15,15.93
2018-05-01,2654.8,24099.05,15.49
2018-05-02,2635.67,23924.98,15.97
2018-05-03,2629.73,23930.15,15.9
2018-05-04,2663.42,24262.51,14.77
2018-05-07,2672.63,24357.32,14.75
2018-05-08,2671.92,24360.21,14.71
2018-05-09,2697.79,24542.54,13.42
2018-05-10,2723.07,24739.53,13.23
2018-05-11,2727.72,24831.17,12.65
2018-05-14,2730.13,24899.41,12.93
2018-05-15,2711.45,24706.41,14.63
2018-05-16,2722.46,24768.93,13.42
2018-05-17,2720.13,24713.98,13.43
2018-05-18,2712.97,24715.09,13.42
2018-05-21,2733.01,25013.29,13.08
2018-05-22,2724.44,24834.41,13.22
2018-05-23,2733.29,24886.81,12.58
2018-05-24,2727.76,24811.76,12.53
2018-05-25,2721.33,24753.09,13.22
2018-05-28,,,
2018-05-29,2689.86,24361.45,17.02
2018-05-30,2724.01,24667.78,14.94
2018-05-31,2705.27,24415.84,15.43
2018-06-01,2734.62,24635.21,13.46
2018-06-04,2746.87,24813.69,12.74
2018-06-05,2748.8,24799.98,12.4
2018-06-06,2772.35,25146.39,11.64
2018-06-07,2770.37,25241.41,12.13
2018-06-08,2779.03,25316.53,12.18
2018-06-11,2782.0,25322.31,12.35
2018-06-12,2786.85,25320.73,12.34
2018-06-13,2775.63,25201.2,12.94
2018-06-14,2782.49,25175.31,12.12
2018-06-15,2779.66,25090.48,11.98
2018-06-18,2773.75,24987.47,12.31
2018-06-19,2762.59,24700.21,13.35
2018-06-20,2767.32,24657.8,12.79
2018-06-21,2749.76,24461.7,14.64
2018-06-22,2754.88,24580.89,13.77
2018-06-25,2717.07,24252.8,17.33
2018-06-26,2723.06,24283.11,15.92
2018-06-27,2699.63,24117.59,17.91
2018-06-28,2716.31,24216.05,16.85
2018-06-29,2718.37,24271.41,16.09
2018-07-02,2726.71,24307.18,15.6
2018-07-03,2713.22,24174.82,16.14
2018-07-04,,,
2018-07-05,2736.61,24356.74,14.97
2018-07-06,2759.82,24456.48,13.37
2018-07-09,2784.17,24776.59,12.69
2018-07-10,2793.84,24919.66,12.64
2018-07-11,2774.02,24700.45,13.63
2018-07-12,2798.29,24924.89,12.58
2018-07-13,2801.31,25019.41,12.18
2018-07-16,2798.43,25064.36,12.83
2018-07-17,2809.55,25119.89,12.06
2018-07-18,2815.62,25199.29,12.1
2018-07-19,2804.49,25064.5,12.87
2018-07-20,2801.83,25058.12,12.86
2018-07-23,2806.98,25044.29,12.62
2018-07-24,2820.4,25241.94,12.41
2018-07-25,2846.07,25414.1,12.29
2018-07-26,2837.44,25527.07,12.14
2018-07-27,2818.82,25451.06,13.03
2018-07-30,2802.6,25306.83,14.26
2018-07-31,2816.29,25415.19,12.83
2018-08-01,2813.36,25333.82,13.15
2018-08-02,2827.22,25326.16,12.19
2018-08-03,2840.35,25462.58,11.64
2018-08-06,2850.4,25502.18,11.27
2018-08-07,2858.45,25628.91,10.93
2018-08-08,2857.7,25583.75,10.85
2018-08-09,2853.58,25509.23,11.27
2018-08-10,2833.28,25313.14,13.16
2018-08-13,2821.93,25187.7,14.78
2018-08-14,2839.96,25299.92,13.31
2018-08-15,2818.37,25162.41,14.64
2018-08-16,2840.69,25558.73,13.45
2018-08-17,2850.13,25669.32,12.64
2018-08-20,2857.05,25758.69,12.49
2018-08-21,2862.96,25822.29,12.86
2018-08-22,2861.82,25733.6,12.25
2018-08-23,2856.98,25656.98,12.41
2018-08-24,2874.69,25790.35,11.99
2018-08-27,2896.74,26049.64,12.16
2018-08-28,2897.52,26064.02,12.5
2018-08-29,2914.04,26124.57,12.25
2018-08-30,2901.13,25986.92,13.53
2018-08-31,2901.52,25964.82,12.86
2018-09-03,,,
2018-09-04,2896.72,25952.48,13.16
2018-09-05,2888.6,25974.99,13.91
2018-09-06,2878.05,25995.87,14.65
2018-09-07,2871.68,25916.54,14.88
2018-09-10,2877.13,25857.07,14.16
2018-09-11,2887.89,25971.06,13.22
2018-09-12,2888.92,25998.92,13.14
2018-09-13,2904.18,26145.99,12.37
2018-09-14,2904.98,26154.67,12.07
2018-09-17,2888.8,26062.12,13.68
2018-09-18,2904.31,26246.96,12.79
2018-09-19,2907.95,26405.76,11.75
2018-09-20,2930.75,26656.98,11.8
2018-09-21,2929.67,26743.5,11.68
2018-09-24,2919.37,26562.05,12.2
2018-09-25,2915.56,26492.21,12.42
2018-09-26,2905.97,26385.28,12.89
2018-09-27,2914.0,26439.93,12.41
2018-09-28,2913.98,26458.31,12.12
2018-10-01,2924.59,26651.21,12.0
2018-10-02,2923.43,26773.94,12.05
2018-10-03,2925.51,26828.39,11.61
2018-10-04,2901.61,26627.48,14.22
2018-10-05,2885.57,26447.05,14.82
2018-10-08,2884.43,26486.78,15.69
2018-10-09,2880.34,26430.57,15.95
2018-10-10,2785.68,25598.74,22.96
2018-10-11,2728.37,25052.83,24.98
2018-10-12,2767.13,25339.99,21.31
2018-10-15,2750.79,25250.55,21.3
2018-10-16,2809.92,25798.42,17.62
2018-10-17,2809.21,25706.68,17.4
2018-10-18,2768.78,25379.45,20.06
2018-10-19,2767.78,25444.34,19.89
2018-10-22,2755.88,25317.41,19.64
2018-10-23,2740.69,25191.43,20.71
2018-10-24,2656.1,24583.42,25.23
2018-10-25,2705.57,24984.55,24.22
2018-10-26,2658.69,24688.31,24.16
2018-10-29,2641.25,24442.92,24.7
2018-10-30,2682.63,24874.64,23.35
2018-10-31,2711.74,25115.76,21.23
2018-11-01,2740.37,25380.74,19.34
2018-11-02,2723.06,25270.83,19.51
2018-11-05,2738.31,25461.7,19.96
2018-11-06,2755.45,25635.01,19.91
2018-11-07,2813.89,26180.3,16.36
2018-11-08,2806.83,26191.22,16.72
2018-11-09,2781.01,25989.3,17.36
2018-11-12,2726.22,25387.18,20.45
2018-11-13,2722.18,25286.49,20.02
2018-11-14,2701.58,25080.5,21.25
2018-11-15,2730.2,25289.27,19.98
2018-11-16,2736.27,25413.22,18.14
2018-11-19,2690.73,25017.44,20.1
2018-11-20,2641.89,24465.64,22.48
2018-11-21,2649.93,24464.69,20.8
2018-11-22,,,
2018-11-23,2632.56,24285.95,21.52
2018-11-26,2673.45,24640.24,18.9
2018-11-27,2682.17,24748.73,19.02
2018-11-28,2743.79,25366.43,18.49
2018-11-29,2737.76,25338.84,18.79
2018-11-30,2760.17,25538.46,18.07
2018-12-03,2790.37,25826.43,16.44
2018-12-04,2700.06,25027.07,20.74
2018-12-05,,,
2018-12-06,2695.95,24947.67,21.19
2018-12-07,2633.08,24388.95,23.23
2018-12-10,2637.72,24423.26,22.64
2018-12-11,2636.78,24370.24,21.76
2018-12-12,2651.07,24527.27,21.46
2018-12-13,2650.54,24597.38,20.65
2018-12-14,2599.95,24100.51,21.63
2018-12-17,2545.94,23592.98,24.52
2018-12-18,2546.16,23675.64,25.58
2018-12-19,2506.96,23323.66,25.58
2018-12-20,2467.42,22859.6,28.38
2018-12-21,2416.62,22445.37,30.11
2018-12-24,2351.1,21792.2,36.07
2018-12-25,,,
2018-12-26,2467.7,22878.45,30.41
2018-12-27,2488.83,23138.82,29.96
2018-12-28,2485.74,23062.4,28.34
2018-12-31,2506.85,23327.46,25.42
2019-01-01,,,
2019-01-02,2510.03,23346.24,23.22
2019-01-03,2447.89,22686.22,25.45
2019-01-04,2531.94,23433.16,21.38
2019-01-07,2549.69,23531.35,21.4
2019-01-08,2574.41,23787.45,20.47
2019-01-09,2584.96,23879.12,19.98
2019-01-10,2596.64,24001.92,19.5
2019-01-11,2596.26,23995.95,18.19
2019-01-14,2582.61,23909.84,19.07
2019-01-15,2610.3,24065.59,18.6
2019-01-16,2616.1,24207.16,19.04
2019-01-17,2635.96,24370.1,18.06
2019-01-18,2670.71,24706.35,17.8
2019-01-21,,,
2019-01-22,2632.9,24404.48,20.8
2019-01-23,2638.7,24575.62,19.52
2019-01-24,2642.33,24553.24,18.89
2019-01-25,2664.76,24737.2,17.42
2019-01-28,2643.85,24528.22,18.87
2019-01-29,2640.0,24579.96,19.13
2019-01-30,2681.05,25014.86,17.66
2019-01-31,2704.1,24999.67,16.57
2019-02-01,2706.53,25063.89,16.14
2019-02-04,2724.87,25239.37,15.73
2019-02-05,2737.7,25411.52,15.57
2019-02-06,2731.61,25390.3,15.38
2019-02-07,2706.05,25169.53,16.37
2019-02-08,2707.88,25106.33,15.72
2019-02-11,2709.8,25053.11,15.97
2019-02-12,2744.73,25425.76,15.43
2019-02-13,2753.03,25543.27,15.65
2019-02-14,2745.73,25439.39,16.22
2019-02-15,2775.6,25883.25,14.91
2019-02-18,,,
2019-02-19,2779.76,25891.32,14.88
2019-02-20,2784.7,25954.44,14.02
2019-02-21,2774.88,25850.63,14.46
2019-02-22,2792.67,26031.81,13.51
2019-02-25,2796.11,26091.95,14.85
2019-02-26,2793.9,26057.98,15.17
2019-02-27,2792.38,25985.16,14.7
2019-02-28,2784.49,25916.0,14.7
2019-03-01,2803.69,26026.32,13.57
2019-03-04,2792.81,25819.65,14.63
2019-03-05,2789.65,25806.63,14.74
2019-03-06,2771.45,25673.46,15.74
2019-03-07,2748.93,25473.23,16.59
2019-03-08,2743.07,25450.24,16.05
2019-03-11,2783.3,25650.88,14.33
2019-03-12,2791.52,25554.66,13.77
2019-03-13,2810.92,25702.89,13.41
2019-03-14,2808.48,25709.94,13.5
2019-03-15,2822.48,25848.87,12.88
2019-03-18,2832.94,25914.1,13.1
2019-03-19,2832.57,25887.38,13.56
2019-03-20,2824.23,25745.67,13.91
2019-03-21,2854.88,25962.51,13.63
2019-03-22,2800.71,25502.32,16.48
2019-03-25,2798.36,25516.83,16.33
2019-03-26,2818.46,25657.73,14.68
2019-03-27,2805.37,25625.59,15.15
2019-03-28,2815.44,25717.46,14.43
2019-03-29,2834.4,25928.68,13.71
2019-04-01,2867.19,26258.42,13.4
2019-04-02,2867.24,26179.13,13.36
2019-04-03,2873.4,26218.13,13.74
2019-04-04,2879.39,26384.63,13.58
2019-04-05,2892.74,26424.99,12.82
2019-04-08,2895.77,26341.02,13.18
2019-04-09,2878.2,26150.58,14.28
2019-04-10,2888.21,26157.16,13.3
2019-04-11,2888.32,26143.05,13.02
2019-04-12,2907.41,26412.3,12.01
2019-04-15,2905.58,26384.77,12.32
2019-04-16,2907.06,26452.66,12.18
2019-04-17,2900.45,26449.54,12.6
2019-04-18,2905.03,26559.54,12.09
2019-04-19,,,
2019-04-22,2907.97,26511.05,12.42
2019-04-23,2933.68,26656.39,12.28
2019-04-24,2927.25,26597.05,13.14
2019-04-25,2926.17,26462.08,13.25
2019-04-26,2939.88,26543.33,12.73
2019-04-29,2943.03,26554.39,13.11
2019-04-30,2945.83,26592.91,13.12
2019-05-01,2923.73,26430.14,14.8
2019-05-02,2917.52,26307.79,14.42
2019-05-03,2945.64,26504.95,12.87
2019-05-06,2932.47,26438.48,15.44
2019-05-07,2884.05,25965.09,19.32
2019-05-08,2879.42,25967.33,19.4
2019-05-09,2870.72,25828.36,19.1
2019-05-10,2881.4,25942.37,16.04
2019-05-13,2811.87,25324.99,20.55
2019-05-14,2834.41,25532.05,18.06
2019-05-15,2850.96,25648.02,16.44
2019-05-16,2876.32,25862.68,15.29
2019-05-17,2859.53,25764.0,15.96
2019-05-20,2840.23,25679.9,16.31
2019-05-21,2864.36,25877.33,14.95
2019-05-22,2856.27,25776.61,14.75
2019-05-23,2822.24,25490.47,16.92
2019-05-24,2826.06,25585.69,15.85
2019-05-27,,,
2019-05-28,2802.39,25347.77,17.5
2019-05-29,2783.02,25126.41,17.9
2019-05-30,2788.86,25169.88,17.3
2019-05-31,2752.06,24815.04,18.71
2019-06-03,2744.45,24819.78,18.86
2019-06-04,2803.27,25332.18,16.97
2019-06-05,2826.15,25539.57,16.09
2019-06-06,2843.49,25720.66,15.93
2019-06-07,2873.34,25983.94,16.3
2019-06-10,2886.73,26062.68,15.94
2019-06-11,2885.72,26048.51,15.99
2019-06-12,2879.84,26004.83,15.91
2019-06-13,2891.64,26106.77,15.82
2019-06-14,2886.98,26089.61,15.28
2019-06-17,2889.67,26112.53,15.35
2019-06-18,2917.75,26465.54,15.15
2019-06-19,2926.46,26504.0,14.33
2019-06-20,2954.18,26753.17,14.75
2019-06-21,2950.46,26719.13,15.4
2019-06-24,2945.35,26727.54,15.26
2019-06-25,2917.38,26548.22,16.28
2019-06-26,2913.78,26536.82,16.21
2019-06-27,2924.92,26526.58,15.82
2019-06-28,2941.76,26599.96,15.08
2019-07-01,2964.33,26717.43,14.06
2019-07-02,2973.01,26786.68,12.93
2019-07-03,2995.82,26966.0,12.57
2019-07-04,,,
2019-07-05,2990.41,26922.12,13.28
2019-07-08,2975.95,26806.14,13.96
2019-07-09,2979.63,26783.49,14.09
2019-07-10,2993.07,26860.2,13.03
2019-07-11,2999.91,27088.08,12.93
2019-07-12,3013.77,27332.03,12.39
2019-07-15,3014.3,27359.16,12.68
2019-07-16,3004.04,27335.63,12.86
2019-07-17,2984.42,27219.85,13.97
2019-07-18,2995.11,27222.97,13.53
2019-07-19,2976.61,27154.2,14.45
2019-07-22,2985.03,27171.9,13.53
2019-07-23,3005.47,27349.19,12.61
2019-07-24,3019.56,27269.97,12.07
2019-07-25,3003.67,27140.98,12.74
2019-07-26,3025.86,27192.45,12.16
2019-07-29,3020.97,27221.35,12.83
2019-07-30,3013.18,27198.02,13.94
2019-07-31,2980.38,26864.27,16.12
2019-08-01,2953.56,26583.42,17.87
2019-08-02,2932.05,26485.01,17.61
2019-08-05,2844.74,25717.74,24.59
2019-08-06,2881.77,26029.52,20.17
2019-08-07,2883.98,26007.07,19.49
2019-08-08,2938.09,26378.19,16.91
2019-08-09,2918.65,26287.44,17.97
2019-08-12,2883.75,25907.37,21.09
2019-08-13,2926.32,26279.91,17.52
2019-08-14,2840.6,25479.42,22.1
2019-08-15,2847.6,25579.39,21.18
2019-08-16,2888.68,25886.01,18.47
2019-08-19,2923.65,26135.79,16.88
2019-08-20,2900.51,25962.44,17.5
2019-08-21,2924.43,26202.73,15.8
2019-08-22,2922.95,26252.24,16.68
2019-08-23,2847.11,25628.9,19.87
2019-08-26,2878.38,25898.83,19.32
2019-08-27,2869.16,25777.9,20.31
2019-08-28,2887.94,26036.1,19.35
2019-08-29,2924.58,26362.25,17.88
2019-08-30,2926.46,26403.28,18.98
2019-09-02,,,
2019-09-03,2906.27,26118.02,19.66
2019-09-04,2937.78,26355.47,17.33
2019-09-05,2976.0,26728.15,16.27
2019-09-06,2978.71,26797.46,15.0
2019-09-09,2978.43,26835.51,15.27
2019-09-10,2979.39,26909.43,15.2
2019-09-11,3000.93,27137.04,14.61
2019-09-12,3009.57,27182.45,14.22
2019-09-13,3007.39,27219.52,13.74
2019-09-16,2997.96,27076.82,14.67
2019-09-17,3005.7,27110.8,14.44
2019-09-18,3006.73,27147.08,13.95
2019-09-19,3006.79,27094.79,14.05
2019-09-20,2992.07,26935.07,15.32
2019-09-23,2991.78,26949.99,14.91
2019-09-24,2966.6,26807.77,17.05
2019-09-25,2984.87,26970.71,15.96
2019-09-26,2977.62,26891.12,16.07
2019-09-27,2961.79,26820.25,17.22
2019-09-30,2976.74,26916.83,16.24
2019-10-01,2940.25,26573.04,18.56
2019-10-02,2887.61,26078.62,20.56
2019-10-03,2910.63,26201.04,19.12
2019-10-04,2952.01,26573.72,17.04
2019-10-07,2938.79,26478.02,17.86
2019-10-08,2893.06,26164.04,20.28
2019-10-09,2919.4,26346.01,18.64
2019-10-10,2938.13,26496.67,17.57
2019-10-11,2970.27,26816.59,15.58
2019-10-14,2966.15,26787.36,14.57
2019-10-15,2995.68,27024.8,13.54
2019-10-16,2989.69,27001.98,13.68
2019-10-17,2997.95,27025.88,13.79
2019-10-18,2986.2,26770.2,14.25
2019-10-21,3006.72,26827.64,14.0
2019-10-22,2995.99,26788.1,14.46
2019-10-23,3004.52,26833.95,14.01
2019-10-24,3010.29,26805.53,13.71
2019-10-25,3022.55,26958.06,12.65
2019-10-28,3039.42,27090.72,13.11
2019-10-29,3036.89,27071.42,13.2
2019-10-30,3046.77,27186.69,12.33
2019-10-31,3037.56,27046.23,13.22
2019-11-01,3066.91,27347.36,12.3
2019-11-04,3078.27,27462.11,12.83
2019-11-05,3074.62,27492.63,13.1
2019-11-06,3076.78,27492.56,12.62
2019-11-07,3085.18,27674.8,12.73
2019-11-08,3093.08,27681.24,12.07
2019-11-11,3087.01,27691.49,12.69
2019-11-12,3091.84,27691.49,12.68
2019-11-13,3094.04,27783.59,13.0
2019-11-14,3096.63,27781.96,13.05
2019-11-15,3120.46,28004.89,12.05
2019-11-18,3122.03,28036.22,12.46
2019-11-19,3120.18,27934.02,12.86
2019-11-20,3108.46,27821.09,12.78
2019-11-21,3103.54,27766.29,13.13
2019-11-22,3110.29,27875.62,12.34
2019-11-25,3133.64,28066.47,11.87
2019-11-26,3140.52,28121.68,11.54
2019-11-27,3153.63,28164.0,11.75
2019-11-28,,,
2019-11-29,3140.98,28051.41,12.62
2019-12-02,3113.87,27783.04,14.91
2019-12-03,3093.2,27502.81,15.96
2019-12-04,3112.76,27649.78,14.8
2019-12-05,3117.43,27677.79,14.52
2019-12-06,3145.91,28015.06,13.62
2019-12-09,3135.96,27909.6,15.86
2019-12-10,3132.52,27881.72,15.68
2019-12-11,3141.63,27911.3,14.99
2019-12-12,3168.57,28132.05,13.94
2019-12-13,3168.8,28135.38,12.63
2019-12-16,3191.45,28235.89,12.14
2019-12-17,3192.52,28267.16,12.29
2019-12-18,3191.14,28239.28,12.58
2019-12-19,3205.37,28376.96,12.5
2019-12-20,3221.22,28455.09,12.51
2019-12-23,3224.01,28551.53,12.61
2019-12-24,3223.38,28515.45,12.67
2019-12-25,,,
2019-12-26,3239.91,28621.39,12.65
2019-12-27,3240.02,28645.26,13.43
2019-12-30,3221.29,28462.14,14.82
2019-12-31,3230.78,28538.44,13.78
2020-01-01,,,
2020-01-02,3257.85,28868.8,12.47
2020-01-03,3234.85,28634.88,14.02
2020-01-06,3246.28,28703.38,13.85
2020-01-07,3237.18,28583.68,13.79
2020-01-08,3253.05,28745.09,13.45
2020-01-09,3274.7,28956.9,12.54
2020-01-10,3265.35,28823.77,12.56
2020-01-13,3288.13,28907.05,12.32
2020-01-14,3283.15,28939.67,12.39
2020-01-15,3289.29,29030.22,12.42
2020-01-16,3316.81,29297.64,12.32
2020-01-17,3329.62,29348.1,12.1
2020-01-20,,,
2020-01-21,3320.79,29196.04,12.85
2020-01-22,3321.75,29186.27,12.91
2020-01-23,3325.54,29160.09,12.98
2020-01-24,3295.47,28989.73,14.56
2020-01-27,3243.63,28535.8,18.23
2020-01-28,3276.24,28722.85,16.28
2020-01-29,3273.4,28734.45,16.39
2020-01-30,3283.66,28859.44,15.49
2020-01-31,3225.52,28256.03,18.84
2020-02-03,3248.92,28399.81,17.97
2020-02-04,3297.59,28807.63,16.05
2020-02-05,3334.69,29290.85,15.15
2020-02-06,3345.78,29379.77,14.96
2020-02-07,3327.71,29102.51,15.47
2020-02-10,3352.09,29276.82,15.04
2020-02-11,3357.75,29276.34,15.18
2020-02-12,3379.45,29551.42,13.74
2020-02-13,3373.94,29423.31,14.15
2020-02-14,3380.16,29398.08,13.68
2020-02-17,,,
2020-02-18,3370.29,29232.19,14.83
2020-02-19,3386.15,29348.03,14.38
2020-02-20,3373.23,29219.98,15.56
2020-02-21,3337.75,28992.41,17.08
2020-02-24,3225.89,27960.8,25.03
2020-02-25,3128.21,27081.36,27.85
2020-02-26,3116.39,26957.59,27.56
2020-02-27,2978.76,25766.64,39.16
2020-02-28,2954.22,25409.36,40.11
2020-03-02,3090.23,26703.32,33.42
2020-03-03,3003.37,25917.41,36.82
2020-03-04,3130.12,27090.86,31.99
2020-03-05,3023.94,26121.28,39.62
2020-03-06,2972.37,25864.78,41.94
2020-03-09,2746.56,23851.02,54.46
2020-03-10,2882.23,25018.16,47.3
2020-03-11,2741.38,23553.22,53.9
2020-03-12,2480.64,21200.62,75.47
2020-03-13,2711.02,23185.62,57.83
2020-03-16,2386.13,20188.52,82.69
2020-03-17,2529.19,21237.38,75.91
2020-03-18,2398.1,19898.92,76.45
2020-03-19,2409.39,20087.19,72.0
2020-03-20,2304.92,19173.98,66.04
2020-03-23,2237.4,18591.93,61.59
2020-03-24,2447.33,20704.91,61.67
2020-03-25,2475.56,21200.55,63.95
2020-03-26,2630.07,22552.17,61.0
2020-03-27,2541.47,21636.78,65.54
2020-03-30,2626.65,22327.48,57.08
2020-03-31,2584.59,21917.16,53.54
2020-04-01,2470.5,20943.51,57.06
2020-04-02,2526.9,21413.44,50.91
2020-04-03,2488.65,21052.53,46.8
2020-04-06,2663.68,22679.99,45.24
2020-04-07,2659.41,22653.86,46.7
2020-04-08,2749.98,23433.57,43.35
2020-04-09,2789.82,23719.37,41.67
2020-04-10,,,
2020-04-13,2761.63,23390.77,41.17
2020-04-14,2846.06,23949.76,37.76
2020-04-15,2783.36,23504.35,40.84
2020-04-16,2799.55,23537.68,40.11
2020-04-17,2874.56,24242.49,38.15
2020-04-20,2823.16,23650.44,43.83
2020-04-21,2736.56,23018.88,45.41
2020-04-22,2799.31,23475.82,41.98
2020-04-23,2797.8,23515.26,41.38
2020-04-24,2836.74,23775.27,35.93
2020-04-27,2878.48,24133.78,33.29
2020-04-28,2863.39,24101.55,33.57
2020-04-29,2939.51,24633.86,31.23
2020-04-30,2912.43,24345.72,34.15
2020-05-01,2830.71,23723.69,37.19
2020-05-04,2842.74,23749.76,35.97
2020-05-05,2868.44,23883.09,33.61
2020-05-06,2848.42,23664.64,34.12
2020-05-07,2881.19,23875.89,31.44
2020-05-08,2929.8,24331.32,27.98
2020-05-11,2930.32,24221.99,27.57
2020-05-12,2870.12,23764.78,33.04
2020-05-13,2820.0,23247.97,35.28
2020-05-14,2852.5,23625.34,32.61
2020-05-15,2863.7,23685.42,31.89
2020-05-18,2953.91,24597.37,29.3
2020-05-19,2922.94,24206.86,30.53
2020-05-20,2971.61,24575.9,27.99
2020-05-21,2948.51,24474.12,29.53
2020-05-22,2955.45,24465.16,28.16
2020-05-25,,,
2020-05-26,2991.77,24995.11,28.01
2020-05-27,3036.13,25548.27,27.62
2020-05-28,3029.73,25400.64,28.59
2020-05-29,3044.31,25383.11,27.51
2020-06-01,3055.73,25475.02,28.23
2020-06-02,3080.82,25742.65,26.84
2020-06-03,3122.87,26269.89,25.66
2020-06-04,3112.35,26281.82,25.81
2020-06-05,3193.93,27110.98,24.52
2020-06-08,3232.39,27572.44,25.81
2020-06-09,3207.18,27272.3,27.57
2020-06-10,3190.14,26989.99,27.57
2020-06-11,3002.1,25128.17,40.79
2020-06-12,3041.31,25605.54,36.09
2020-06-15,3066.59,25763.16,34.4
2020-06-16,3124.74,26289.98,33.67
2020-06-17,3113.49,26119.61,33.47
2020-06-18,3115.34,26080.1,32.94
2020-06-19,3097.74,25871.46,35.12
2020-06-22,3117.86,26024.96,31.77
2020-06-23,3131.29,26156.1,31.37
2020-06-24,3050.33,25445.94,33.84
2020-06-25,3083.76,25745.6,32.22
2020-06-26,3009.05,25015.55,34.73
2020-06-29,3053.24,25595.8,31.78
2020-06-30,3100.29,25812.88,30.43
2020-07-01,3115.86,25734.97,28.62
2020-07-02,3130.01,25827.36,27.68
2020-07-03,,,
2020-07-06,3179.72,26287.03,27.94
2020-07-07,3145.32,25890.18,29.43
2020-07-08,3169.94,26067.28,28.08
2020-07-09,3152.05,25706.09,29.26
2020-07-10,3185.04,26075.3,27.29
2020-07-13,3155.22,26085.8,32.19
2020-07-14,3197.52,26642.59,29.52
2020-07-15,3226.56,26870.1,27.76
2020-07-16,3215.57,26734.71,28.0
2020-07-17,3224.73,26671.95,25.68
2020-07-20,3251.84,26680.87,24.46
2020-07-21,3257.3,26840.4,24.84
2020-07-22,3276.02,27005.84,24.32
2020-07-23,3235.66,26652.33,26.08
2020-07-24,3215.63,26469.89,25.84
2020-07-27,3239.41,26584.77,24.74
2020-07-28,3218.44,26379.28,25.44
2020-07-29,3258.44,26539.57,24.1
2020-07-30,3246.22,26313.65,24.76
2020-07-31,3271.12,26428.32,24.46
2020-08-03,3294.61,26664.4,24.28
2020-08-04,3306.51,26828.47,23.76
2020-08-05,3327.77,27201.52,22.99
2020-08-06,3349.16,27386.98,22.65
2020-08-07,3351.28,27433.48,22.21
2020-08-10,3360.47,27791.44,22.13
2020-08-11,3333.69,27686.91,24.03
2020-08-12,3380.35,27976.84,22.28
2020-08-13,3373.43,27896.72,22.13
2020-08-14,3372.85,27931.02,22.05
2020-08-17,3381.99,27844.91,21.35
2020-08-18,3389.78,27778.07,21.51
2020-08-19,3374.85,27692.88,22.54
2020-08-20,3385.51,27739.73,22.72
2020-08-21,3397.16,27930.33,22.54
2020-08-24,3431.28,28308.46,22.37
2020-08-25,3443.62,28248.44,22.03
2020-08-26,3478.73,28331.92,23.27
2020-08-27,3484.55,28492.27,24.47
2020-08-28,3508.01,28653.87,22.96
2020-08-31,3500.31,28430.05,26.41
2020-09-01,3526.65,28645.66,26.12
2020-09-02,3580.84,29100.5,26.57
2020-09-03,3455.06,28292.73,33.6
2020-09-04,3426.96,28133.31,30.75
2020-09-07,,,
2020-09-08,3331.84,27500.89,31.46
2020-09-09,3398.96,27940.47,28.81
2020-09-10,3339.19,27534.58,29.71
2020-09-11,3340.97,27665.64,26.87
2020-09-14,3383.54,27993.33,25.85
2020-09-15,3401.2,27995.6,25.59
2020-09-16,3385.49,28032.38,26.04
2020-09-17,3357.01,27901.98,26.46
2020-09-18,3319.47,27657.42,25.83
2020-09-21,3281.06,27147.7,27.78
2020-09-22,3315.57,27288.18,26.86
2020-09-23,3236.92,26763.13,28.58
2020-09-24,3246.59,26815.44,28.51
2020-09-25,3298.46,27173.96,26.38
2020-09-28,3351.6,27584.06,26.19
2020-09-29,3335.47,27452.66,26.27
2020-09-30,3363.0,27781.7,26.37
2020-10-01,3380.8,27816.9,26.7
2020-10-02,3348.44,27682.81,27.63
2020-10-05,3408.63,28148.64,27.96
2020-10-06,3360.95,27772.76,29.48
2020-10-07,3419.45,28303.46,28.06
2020-10-08,3446.83,28425.51,26.36
2020-10-09,3477.13,28586.9,25.0
2020-10-12,3534.22,28837.52,25.07
2020-10-13,3511.93,28679.81,26.07
2020-10-14,3488.67,28514.0,26.4
2020-10-15,3483.34,28494.2,26.97
2020-10-16,3483.81,28606.31,27.41
2020-10-19,3426.92,28195.42,29.18
2020-10-20,3443.12,28308.79,29.35
2020-10-21,3435.56,28210.82,28.65
2020-10-22,3453.49,28363.66,28.11
2020-10-23,3465.39,28335.57,27.55
2020-10-26,3400.97,27685.38,32.46
2020-10-27,3390.68,27463.19,33.35
2020-10-28,3271.03,26519.95,40.28
2020-10-29,3310.11,26659.11,37.59
2020-10-30,3269.96,26501.6,38.02
2020-11-02,3310.24,26925.05,37.13
2020-11-03,3369.16,27480.03,35.55
2020-11-04,3443.44,27847.66,29.57
2020-11-05,3510.45,28390.18,27.58
2020-11-06,3509.44,28323.4,24.86
2020-11-09,3550.5,29157.97,25.75
2020-11-10,3545.53,29420.92,24.8
2020-11-11,3572.66,29397.63,23.45
2020-11-12,3537.01,29080.17,25.35
2020-11-13,3585.15,29479.81,23.1
2020-11-16,3626.91,29950.44,22.45
2020-11-17,3609.53,29783.35,22.71
2020-11-18,3567.79,29438.42,23.84
2020-11-19,3581.87,29483.23,23.11
2020-11-20,3557.54,29263.48,23.7
2020-11-23,3577.59,29591.27,22.66
2020-11-24,3635.41,30046.24,21.64
2020-11-25,3629.65,29872.47,21.25
2020-11-26,,,
2020-11-27,3638.35,29910.37,20.84
2020-11-30,3621.63,29638.64,20.57
2020-12-01,3662.45,29823.92,20.77
2020-12-02,3669.01,29883.79,21.17
2020-12-03,3666.72,29969.52,21.28
2020-12-04,3699.12,30218.26,20.79
2020-12-07,3691.96,30069.79,21.3
2020-12-08,3702.25,30173.88,20.68
2020-12-09,3672.82,30068.81,22.27
2020-12-10,3668.1,29999.26,22.52
2020-12-11,3663.46,30046.37,23.31
2020-12-14,3647.49,29861.55,24.72
2020-12-15,3694.62,30199.31,22.89
2020-12-16,3701.17,30154.54,22.5
2020-12-17,3722.48,30303.37,21.93
2020-12-18,3709.41,30179.05,21.57
2020-12-21,3694.92,30216.45,25.16
2020-12-22,3687.26,30015.51,24.23
2020-12-23,3690.01,30129.83,23.31
2020-12-24,3703.06,30199.87,21.53
2020-12-25,,,
2020-12-28,3735.36,30403.97,21.7
2020-12-29,3727.04,30335.67,23.08
2020-12-30,3732.04,30409.56,22.77
2020-12-31,3756.07,30606.48,22.75
2021-01-01,,,
2021-01-04,3700.65,30223.89,26.97
2021-01-05,3726.86,30391.6,25.34
2021-01-06,3748.14,30829.4,25.07
2021-01-07,3803.79,31041.13,22.37
2021-01-08,3824.68,31097.97,21.56
2021-01-11,3799.61,31008.69,24.08
2021-01-12,3801.19,31068.69,23.33
2021-01-13,3809.84,31060.47,22.21
2021-01-14,3795.54,30991.52,23.25
2021-01-15,3768.25,30814.26,24.34
2021-01-18,,,
2021-01-19,3798.91,30930.52,23.24
2021-01-20,3851.85,31188.38,21.58
2021-01-21,3853.07,31176.01,21.32
2021-01-22,3841.47,30996.98,21.91
2021-01-25,3855.36,30960.0,23.19
2021-01-26,3849.62,30937.04,23.02
2021-01-27,3750.77,30303.17,37.21
2021-01-28,3787.38,30603.36,30.21
2021-01-29,3714.24,29982.62,33.09
2021-02-01,3773.86,30211.91,30.24
2021-02-02,3826.31,30687.48,25.56
2021-02-03,3830.17,30723.6,22.91
2021-02-04,3871.74,31055.86,21.77
2021-02-05,3886.83,31148.24,20.87
2021-02-08,3915.59,31385.76,21.24
2021-02-09,3911.23,31375.83,21.63
2021-02-10,3909.88,31437.8,21.99
2021-02-11,3916.38,31430.7,21.25
2021-02-12,3934.83,31458.4,19.97
2021-02-15,,,
2021-02-16,3932.59,31522.75,21.46
2021-02-17,3931.33,31613.02,21.5
2021-02-18,3913.97,31493.34,22.49
2021-02-19,3906.71,31494.32,22.05
2021-02-22,3876.5,31521.69,23.45
2021-02-23,3881.37,31537.35,23.11
2021-02-24,3925.43,31961.86,21.34
2021-02-25,3829.34,31402.01,28.89
2021-02-26,3811.15,30932.37,27.95
2021-03-01,3901.82,31535.51,23.35
2021-03-02,3870.29,31391.52,24.1
2021-03-03,3819.72,31270.09,26.67
2021-03-04,3768.47,30924.14,28.57
2021-03-05,3841.94,31496.3,24.66
2021-03-08,3821.35,31802.44,25.47
2021-03-09,3875.44,31832.74,24.03
2021-03-10,3898.81,32297.02,22.56
2021-03-11,3939.34,32485.59,21.91
2021-03-12,3943.34,32778.64,20.69
2021-03-15,3968.94,32953.46,20.03
2021-03-16,3962.71,32825.95,19.79
2021-03-17,3974.12,33015.37,19.23
2021-03-18,3915.46,32862.3,21.58
2021-03-19,3913.1,32627.97,20.95
2021-03-22,3940.59,32731.2,18.88
2021-03-23,3910.52,32423.15,20.3
2021-03-24,3889.14,32420.06,21.2
2021-03-25,3909.52,32619.48,19.81
2021-03-26,3974.54,33072.88,18.86
2021-03-29,3971.09,33171.37,20.74
2021-03-30,3958.55,33066.96,19.61
2021-03-31,3972.89,32981.55,19.4
2021-04-01,4019.87,33153.21,17.33
2021-04-02,,,
2021-04-05,4077.91,33527.19,17.91
2021-04-06,4073.94,33430.24,18.12
2021-04-07,4079.95,33446.26,17.16
2021-04-08,4097.17,33503.57,16.95
2021-04-09,4128.8,33800.6,16.69
2021-04-12,4127.99,33745.4,16.91
2021-04-13,4141.59,33677.27,16.65
2021-04-14,4124.66,33730.89,16.99
2021-04-15,4170.42,34035.99,16.57
2021-04-16,4185.47,34200.67,16.25
2021-04-19,4163.26,34077.63,17.29
2021-04-20,4134.94,33821.3,18.68
2021-04-21,4173.42,34137.31,17.5
2021-04-22,4134.98,33815.9,18.71
2021-04-23,4180.17,34043.49,17.33
2021-04-26,4187.62,33981.57,17.64
2021-04-27,4186.72,33984.93,17.56
2021-04-28,4183.18,33820.38,17.28
2021-04-29,4211.47,34060.36,17.61
2021-04-30,4181.17,33874.85,18.61
2021-05-03,4192.66,34113.23,18.31
2021-05-04,4164.66,34133.03,19.48
2021-05-05,4167.59,34230.34,19.15
2021-05-06,4201.62,34548.53,18.39
2021-05-07,4232.6,34777.76,16.69
2021-05-10,4188.43,34742.82,19.66
2021-05-11,4152.1,34269.16,21.84
2021-05-12,4063.04,33587.66,27.59
2021-05-13,4112.5,34021.45,23.13
2021-05-14,4173.85,34382.13,18.81
2021-05-17,4163.29,34327.79,19.72
2021-05-18,4127.83,34060.66,21.34
2021-05-19,4115.68,33896.04,22.18
2021-05-20,4159.12,34084.15,20.67
2021-05-21,4155.86,34207.84,20.15
2021-05-24,4197.05,34393.98,18.4
2021-05-25,4188.13,34312.46,18.84
2021-05-26,4195.99,34323.05,17.36
2021-05-27,4200.88,34464.64,16.74
2021-05-28,4204.11,34529.45,16.76
2021-05-31,,,
2021-06-01,4202.04,34575.31,17.9
2021-06-02,4208.12,34600.38,17.48
2021-06-03,4192.85,34577.04,18.04
2021-06-04,4229.89,34756.39,16.42
2021-06-07,4226.52,34630.24,16.42
2021-06-08,4227.26,34599.82,17.07
2021-06-09,4219.55,34447.14,17.89
2021-06-10,4239.18,34466.24,16.1
2021-06-11,4247.44,34479.6,15.65
2021-06-14,4255.15,34393.75,16.39
2021-06-15,4246.59,34299.33,17.02
2021-06-16,4223.7,34033.67,18.15
2021-06-17,4221.86,33823.45,17.75
2021-06-18,4166.45,33290.08,20.7
2021-06-21,4224.79,33876.97,17.89
2021-06-22,4246.44,33945.58,16.66
2021-06-23,4241.84,33874.24,16.32
2021-06-24,4266.49,34196.82,15.97
2021-06-25,4280.7,34433.84,15.62
2021-06-28,4290.61,34283.27,15.76
2021-06-29,4291.8,34292.29,16.02
2021-06-30,4297.5,34502.51,15.83
2021-07-01,4319.94,34633.53,15.48
2021-07-02,4352.34,34786.35,15.07
2021-07-05,,,
2021-07-06,4343.54,34577.37,16.44
2021-07-07,4358.13,34681.79,16.2
2021-07-08,4320.82,34421.93,19.0
2021-07-09,4369.55,34870.16,16.18
2021-07-12,4384.63,34996.18,16.17
2021-07-13,4369.21,34888.79,17.12
2021-07-14,4374.3,34933.23,16.33
2021-07-15,4360.03,34987.02,17.01
2021-07-16,4327.16,34687.85,18.45
2021-07-19,4258.49,33962.04,22.5
2021-07-20,4323.06,34511.99,19.73
2021-07-21,4358.69,34798.0,17.91
2021-07-22,4367.48,34823.35,17.69
2021-07-23,4411.79,35061.55,17.2
2021-07-26,4422.3,35144.31,17.58
2021-07-27,4401.46,35058.52,19.36
2021-07-28,4400.64,34930.93,18.31
2021-07-29,4419.15,35084.53,17.7
2021-07-30,4395.26,34935.47,18.24
2021-08-02,4387.16,34838.16,19.46
2021-08-03,4423.15,35116.4,18.04
2021-08-04,4402.66,34792.67,17.97
2021-08-05,4429.1,35064.25,17.28
2021-08-06,4436.52,35208.51,16.15
2021-08-09,4432.35,35101.85,16.72
2021-08-10,4436.75,35264.67,16.79
2021-08-11,4447.7,35484.97,16.06
2021-08-12,4460.83,35499.85,15.59
2021-08-13,4468.0,35515.38,15.45
2021-08-16,4479.71,35625.4,16.12
2021-08-17,4448.08,35343.28,17.91
2021-08-18,4400.27,34960.69,21.57
2021-08-19,4405.8,34894.12,21.67
2021-08-20,4441.67,35120.08,18.56
2021-08-23,4479.53,35335.71,17.15
2021-08-24,4486.23,35366.26,17.22
2021-08-25,4496.19,35405.5,16.79
2021-08-26,4470.0,35213.12,18.84
2021-08-27,4509.37,35455.8,16.39
2021-08-30,4528.79,35399.84,16.19
2021-08-31,4522.68,35360.73,16.48
2021-09-01,4524.09,35312.53,16.11
2021-09-02,4536.95,35443.82,16.41
2021-09-03,4535.43,35369.09,16.41
2021-09-06,,,
2021-09-07,4520.03,35100.0,18.14
2021-09-08,4514.07,35031.07,17.96
2021-09-09,4493.28,34879.38,18.8
2021-09-10,4458.58,34607.72,20.95
2021-09-13,4468.73,34869.63,19.37
2021-09-14,4443.05,34577.57,19.46
2021-09-15,4480.7,34814.39,18.18
2021-09-16,4473.75,34751.32,18.69
2021-09-17,4432.99,34584.88,20.81
2021-09-20,4357.73,33970.47,25.71
2021-09-21,4354.19,33919.84,24.36
2021-09-22,4395.64,34258.32,20.87
2021-09-23,4448.98,34764.82,18.63
2021-09-24,4455.48,34798.0,17.75
2021-09-27,4443.11,34869.37,18.76
2021-09-28,4352.63,34299.99,23.25
2021-09-29,4359.46,34390.72,22.56
2021-09-30,4307.54,33843.92,23.14
2021-10-01,4357.04,34326.46,21.15
2021-10-04,4300.46,34002.92,22.96
2021-10-05,4345.72,34314.67,21.3
2021-10-06,4363.55,34416.99,21.0
2021-10-07,4399.76,34754.94,19.54
2021-10-08,4391.34,34746.25,18.77
2021-10-11,4361.19,34496.06,20.0
2021-10-12,4350.65,34378.34,19.85
2021-10-13,4363.8,34377.81,18.64
2021-10-14,4438.26,34912.56,16.86
2021-10-15,4471.37,35294.76,16.3
2021-10-18,4486.46,35258.61,16.31
2021-10-19,4519.63,35457.31,15.7
2021-10-20,4536.19,35609.34,15.49
2021-10-21,4549.78,35603.08,15.01
2021-10-22,4544.9,35677.02,15.43
2021-10-25,4566.48,35741.15,15.24
2021-10-26,4574.79,35756.88,15.98
2021-10-27,4551.68,35490.69,16.98
2021-10-28,4596.42,35730.48,16.53
2021-10-29,4605.38,35819.56,16.26
2021-11-01,4613.67,35913.84,16.41
2021-11-02,4630.65,36052.63,16.03
2021-11-03,4660.57,36157.58,15.1
2021-11-04,4680.06,36124.23,15.44
2021-11-05,4697.53,36327.95,16.48
2021-11-08,4701.7,36432.22,17.22
2021-11-09,4685.25,36319.98,17.78
2021-11-10,4646.71,36079.94,18.73
2021-11-11,4649.27,35921.23,17.66
2021-11-12,4682.85,36100.31,16.29
2021-11-15,4682.8,36087.45,16.49
2021-11-16,4700.9,36142.22,16.37
2021-11-17,4688.67,35931.05,17.11
2021-11-18,4704.54,35870.95,17.59
2021-11-19,4697.96,35601.98,17.91
2021-11-22,4682.94,35619.25,19.17
2021-11-23,4690.7,35813.8,19.38
2021-11-24,4701.46,35804.38,18.58
2021-11-25,,,
2021-11-26,4594.62,34899.34,28.62
2021-11-29,4655.27,35135.94,22.96
2021-11-30,4567.0,34483.72,27.19
2021-12-01,4513.04,34022.04,31.12
2021-12-02,4577.1,34639.79,27.95
2021-12-03,4538.43,34580.08,30.67
2021-12-06,4591.67,35227.03,27.18
2021-12-07,4686.75,35719.43,21.89
2021-12-08,4701.21,35754.75,19.9
2021-12-09,4667.45,35754.69,21.58
2021-12-10,4712.02,35970.99,18.69
2021-12-13,4668.97,35650.95,20.31
2021-12-14,4634.09,35544.18,21.89
2021-12-15,4709.85,35927.43,19.29
2021-12-16,4668.67,35897.64,20.57
2021-12-17,4620.64,35365.44,21.57
2021-12-20,4568.02,34932.16,22.87
2021-12-21,4649.23,35492.7,21.01
2021-12-22,4696.56,35753.89,18.63
2021-12-23,4725.79,35950.56,17.96
2021-12-24,,,
2021-12-27,4791.19,36302.38,17.68
2021-12-28,4786.35,36398.21,17.54
2021-12-29,4793.06,36488.63,16.95
2021-12-30,4778.73,36398.08,17.33
2021-12-31,4766.18,36338.3,17.22
2022-01-03,4796.56,36585.06,16.6
2022-01-04,4793.54,36799.65,16.91
2022-01-05,4700.58,36407.11,19.73
2022-01-06,4696.05,36236.47,19.61
2022-01-07,4677.03,36231.66,18.76
2022-01-10,4670.29,36068.87,19.4
2022-01-11,4713.07,36252.02,18.41
2022-01-12,4726.35,36290.32,17.62
2022-01-13,4659.03,36113.62,20.31
2022-01-14,4662.85,35911.81,19.19
2022-01-17,,,
2022-01-18,4577.11,35368.47,22.79
2022-01-19,4532.76,35028.65,23.85
2022-01-20,4482.73,34715.39,25.59
2022-01-21,4397.94,34265.37,28.85
2022-01-24,4410.13,34364.5,29.9
2022-01-25,4356.45,34297.73,31.16
2022-01-26,4349.93,34168.09,31.96
2022-01-27,4326.51,34160.78,30.49
2022-01-28,4431.85,34725.47,27.66
2022-01-31,4515.55,35131.86,24.83
2022-02-01,4546.54,35405.24,21.96
2022-02-02,4589.38,35629.33,22.09
2022-02-03,4477.44,35111.16,24.35
2022-02-04,4500.53,35089.74,23.22
2022-02-07,4483.87,35091.13,22.86
2022-02-08,4521.54,35462.78,21.44
2022-02-09,4587.18,35768.06,19.96
2022-02-10,4504.08,35241.59,23.91
2022-02-11,4418.64,34738.06,27.36
2022-02-14,4401.67,34566.17,28.33
2022-02-15,4471.07,34988.84,25.7
2022-02-16,4475.01,34934.27,24.29
2022-02-17,4380.26,34312.03,28.11
2022-02-18,4348.87,34079.18,27.75
2022-02-21,,,
2022-02-22,4304.76,33596.61,28.81
2022-02-23,4225.5,33131.76,31.02
2022-02-24,4288.7,33223.83,30.32
2022-02-25,4384.65,34058.75,27.59
2022-02-28,4373.94,33892.6,30.15
2022-03-01,4306.26,33294.95,33.32
2022-03-02,4386.54,33891.35,30.74
2022-03-03,4363.49,33794.66,30.48
2022-03-04,4328.87,33614.8,31.98
2022-03-07,4201.09,32817.38,36.45
2022-03-08,4170.7,32632.64,35.13
2022-03-09,4277.88,33286.25,32.45
2022-03-10,4259.52,33174.07,30.23
2022-03-11,4204.31,32944.19,30.75
2022-03-14,4173.11,32945.24,31.77
2022-03-15,4262.45,33544.34,29.83
2022-03-16,4357.86,34063.1,26.67
2022-03-17,4411.67,34480.76,25.67
2022-03-18,4463.12,34754.93,23.87
2022-03-21,4461.18,34552.99,23.53
2022-03-22,4511.61,34807.46,22.94
2022-03-23,4456.24,34358.5,23.57
2022-03-24,4520.16,34707.94,21.67
2022-03-25,4543.06,34861.24,20.81
2022-03-28,4575.52,34955.89,19.63
2022-03-29,4631.6,35294.19,18.9
2022-03-30,4602.45,35228.81,19.33
2022-03-31,4530.41,34678.35,20.56
2022-04-01,4545.86,34818.27,19.63
2022-04-04,4582.64,34921.88,18.57
2022-04-05,4525.12,34641.18,21.03
2022-04-06,4481.15,34496.51,22.1
2022-04-07,4500.21,34583.57,21.55
2022-04-08,4488.28,34721.12,21.16
2022-04-11,4412.53,34308.08,24.37
2022-04-12,4397.45,34220.36,24.26
2022-04-13,4446.59,34564.59,21.82
2022-04-14,4392.59,34451.23,22.7
2022-04-15,,,
2022-04-18,4391.69,34411.69,22.17
2022-04-19,4462.21,34911.2,21.37
2022-04-20,4459.45,35160.79,20.32
2022-04-21,4393.66,34792.76,22.68
2022-04-22,4271.78,33811.4,28.21
2022-04-25,4296.12,34049.46,27.02
2022-04-26,4175.2,33240.18,33.52
2022-04-27,4183.96,33301.93,31.6
2022-04-28,4287.5,33916.39,29.99
2022-04-29,4131.93,32977.21,33.4
